Name,Genre,Director,Country,Year
"Авторитет (фильм, 2008)",боевик,,США,
Агент по кличке Спот,боевик,Джон Уайтселл,США,2001
Агент по имени Далила,триллер,Ричард Франклин,,1992
Агенты КГБ тоже влюбляются,комедия положений,Себастьян Аларкон,,1991
Агент секретной службы (фильм),детектив,,СССР,1978
Агенты Сокол и Снеговик,драма,Джон Шлезингер,Великобритания,1985
"Агент под прикрытием (фильм, 2012)",криминальный,,США,
Агент-невидимка,фильм ужасов,Эдвин Л. Марин,США,1942
Агенты А.Н.К.Л.,Комедийный боевик,Гай Ричи,США,2015
Агент особого назначения,Детектив,Константин Статский,Россия,
Агент Коди Бэнкс 2: Пункт назначения — Лондон,комедия,,США,2004
Агенты казначейства,нуар,Энтони Манн,,1947
Агент Ева,боевик,Тейт Тейлор,США,
Агент Джонни Инглиш: Перезагрузка,комедия,Оливер Паркер,Великобритания,2011
Александра (фильм),драма,Александр Сокуров,Россия,2007
Агент Коди Бэнкс,комедия,рус.,США,2003
Александр Попов (фильм),кинобиография,Герберт Раппапорт,СССР,1949
Агент Картер (фильм),короткометражка,,США,2013
Александр. Невская битва,исторический фильм,Игорь Калёнов,Россия,2008
Алеко (фильм-опера),фильм-опера,Сергей Сиделёв,,1953
Алекс и Эмма,комедия,Роб Райнер,США,2003
Александр Пархоменко (фильм),Киноповесть,Леонид Луков,СССР,1942
Александр Маленький,драма,Владимир Фокин,СССР,1981
Александр (фильм),биографическая,Оливер Стоун,,2004
Александр Невский (фильм),киноэпопея,Сергей Эйзенштейн,СССР,1938
"Александр Великий (фильм, 1956)",пеплум,Роберт Россен,США,1956
"Александр и ужасный, кошмарный, нехороший, очень плохой день",комедийный фильм,Мигель Артета,США,2014
Алджи-золотоискатель,комедия,Эдвард Уоррен,США,1912
Алголь (фильм),фантастика,Ханс Веркмайст,Германия,1920
Албанец (фильм),драматический фильм,[d],,2010
"Алая роза (фильм, 1963)",Криминальная,Умэцугу Иноуэ,Япония,
Алая камелия,криминальная драма,Ёситаро Номура,Япония,
"Алая роза (фильм, 1951)",комедия,,Франция,1951
Алая женщина,комедия,Жан Валер,Франция,1969
"Алая буква (фильм, 1911)",драматический фильм,Джозеф В. Смайли,США,1911
"Алая буква (фильм, 1973)",мелодрама,Вим Вендерс,ФРГ,1973
"Алая буква (фильм, 1926)",драма,Виктор Шёстрём,,1926
"Алая буква (фильм, 2004)",Драма,Пён Хёк,,2004
"Алая буква (фильм, 1995)",драма,Ролан Жоффе,США,1995
Алан Партридж: Альфа Отец,комедия,,Великобритания,
Аланис (фильм),драматический фильм,[d],,
Аламо: 13 дней славы,драма,Берт Кеннеди,США,1987
Алиса и укус пчелы,кинокомедия,Уолт Дисней,США,1925
Алиса и Букинист,мелодрама,Алексей Рудаков,Россия,1992
"Алиса в Стране чудес (фильм, 1999)",фэнтези,Ник Уиллинг,,
Алексеич,"новелла, киноповесть, экранизация",Людмила Салдадзе,,1970
"Алиса в Стране чудес (фильм, 1985)",приключенческий фильм,Гарри Харрис,,
Альма и Оскар,драма,,,
Алиса здесь больше не живёт,драма,Мартин Скорсезе,США,1974
"Алиса в Стране чудес (фильм, 2010)",фэнтези,Тим Бёртон,США,2010
Альманах сатиры и юмора,комедия,Александр Белинский,СССР,1980
Альпийская баллада (фильм),военная драма,Борис Степанов,СССР,
Альбино Аллигатор,неонуар,Кевин Спейси,,1996
Альба Регия (фильм),драма,Михай Семеш,Венгрия,1961
Аль-Кадисия (фильм),историческая драма,Салах Абу Сейф,,1981
Алый час,Фильм нуар,Майкл Кёртис,США,1956
Аль Капоне (фильм),гангстерский фильм,Ричард Уилсон,,
Амитивилль 3-D,ужасы,Ричард Флейшер,США,1983
Амбициозная кунгфуистка,боевик,,Гонконг,1981
"Аминь (фильм, 2002)",Драма,Коста-Гаврас,Франция,2002
Американская готика (фильм),ужасы,Джон Хаф,Великобритания,1987
Амитивилль 4: Зло спасается,ужасы,,США,
Амитивилль 2: Одержимость,ужасы,Дамиано Дамиани,США,1982
Амистад (фильм),историческая,Стивен Спилберг,США,1997
Америкэн бой,детективный фильм,Борис Квашнёв,Украина,1992
Американское безумие,драматический фильм,Фрэнк Капра,США,1932
Американцы (фильм),драма,Джеймс Фоули,,1992
Американское чтиво,драматический фильм,[d],,
Американский солдат,драма,Райнер Вернер Фасбиндер,,1970
Американское преступление (фильм),драма,,США,
Американское сердце,драма,Мартин Белл,США,1992
Американский самурай,боевик,Сэм Ферстенберг,,1992
Американский психопат (фильм),криминал,Мэри Хэррон,,2000
Американский психопат 2,Чёрная комедия,,США,2002
Американский президент (фильм),комедия,Роб Райнер,,
Американский пирог: Свадьба,кинокомедия,Джесси Дилан,США,2003
Анклав (фильм),драма,Горан Радованович,Сербия,2015
Американский пирог: Все в сборе,комедия,Хейден Шлоссберг,США,2012
Амитивилль 6: Проклятые часы,фильм ужасов,Тони Рэндл,США,
Американский пирог представляет: Правила для девочек,комедия,,США,2020
Американский пирог 7: Книга любви,комедия,Джон Путч,США,2009
Антоша Рыбкин,военный фильм,Константин Юдин,СССР,1942
Антошу корсет погубил,комедия,Эдвард Пухальский,Российская империя,1916
"Анна Лукаста (фильм, 1949)",Фильм нуар,Ирвинг Рэппер,,1949
Антония: Портрет женщины,документальный,Джуди Коллинз,США,1974
Антонина обернулась,драма,,Россия,2007
Антрацит (фильм),"социальная драма,  производственный фильм",Александр Сурин,СССР,1971
"Антон Шпелец, снайпер",комедия,Мартин Фрич,Чехословакия,1932
Антракт (фильм),фэнтезийный фильм,Рене Клер,Франция,1924
Антон Иванович сердится,комедия,Александр Ивановский,,1941
Антон Чехов (фильм),драма,Рене Фере,Франция,
"Антоний и Клеопатра (фильм, 1972)",мелодрама,Чарлтон Хестон,Великобритания,1972
"Антоний и Клеопатра (фильм, 1908)",короткометражный,Чарльз Кент,США,1908
Антония (фильм),драма,Марлен Горрис,Нидерланды,1995
Антон тут рядом,документальное кино,Любовь Аркус,Россия,2012
"Антихрист (фильм, 1915)",фантастическая драма,Эдвард Пухальский,Российская империя,1915
Антисекс (фильм),драма,Ренато Кастеллани,Италия,1964
"Антихрист (фильм, 2009)",драма,Ларс фон Триер,,
Антифауст,"мистика, драма",,Россия,
"Антитела (фильм, 2005)",триллер,Кристиан Альварт,,2005
Антимоз Ивериели (фильм),Исторический,Гиули Чохонелидзе,Грузия,2001
Атака на Пёрл-Харбор (фильм),военный,Идзуру Нарусима,Япония,2011
Антикиллер Д. К.,Боевик,Эльдар Салаватов,Россия,2009
Антикиллер 2: Антитеррор,Боевик,Егор Михалков-Кончаловский,Россия,2003
Атака пауков,ужасы,Эллори Элкайем,,
Артём (фильм),"историко-революционный, фильм-биография, драма",Николай Кошелев,СССР,1978
Антропоид (фильм),военная драма,рус.,Чехия,2016
"Атака лёгкой кавалерии (фильм, 1936)",мелодрама,Майкл Кёртис,,
Атака мертвецов: Осовец,военный,Василий Чигинский,Россия,2018
Атака титанов (фильм),фантастика,,,2015
Атака крабов-монстров,ужасы,Роджер Корман,,
"Атака лёгкой кавалерии (фильм, 1912)",драматический фильм,Джеймс Сирл-Доули,США,1912
Атака коммандос,боевик,Бруно Маттеи,,
"Атака лёгкой кавалерии (фильм, 1968)",исторический фильм,Тони Ричардсон,Великобритания,1968
Атака куриных зомби,комедия,Ллойд Кауфман,,
"Атака (фильм, 1986)",кинодрама,Игорь Николаев,СССР,1986
"Ася (фильм, 2020)",драма,,,
"Ася (фильм, 1977)",мелодрама,Иосиф Хейфиц,СССР,1977
Асы в небе,драма,Джек Голд,Великобритания,1976
"Астролог (фильм, 1976)",романтика,,США,1976
"Асфальт (фильм, 1929)",драматический фильм,Джоэ Май,,1929
Атака Годзиллы,приключения,Исиро Хонда,Япония,1969
Асфальтовые джунгли,нуарный,Джон Хьюстон,,1950
Астрал: Новое измерение,ужасы,,,2018
Ахиллес и черепаха (фильм),комедия,Такэси Китано,Япония,2008
Астрал: Глава 2,фильм ужасов,Джеймс Ван,США,
Астрал 5: Красная дверь,фильм ужасов,Патрик Уилсон,США,2023
Ашанти (фильм),боевик,Ричард Флейшер,США,1979
Бабло (фильм),Комедия,Константин Буслов,Россия,2011
Астрал 4: Последний ключ,фильм ужасов,Гарри Робител,Великобритания,2018
Багровый прилив,драма,Тони Скотт,США,1995
Бала (фильм),документальный фильм,Сатьяджит Рай,,1976
Бал пожарных (фильм),комедия,Милош Форман,,1967
Бал официантов,комедия,Роско Арбакл,,1916
Балаган (фильм),трагикомедия,Андрей Бенкендорф,СССР,1990
Бал в доме Андзё,драма,Кодзабуро Ёсимура,Япония,
Бал-маскарад (фильм),драматический фильм,Альфред Деэши,Австро-Венгрия,1917
Бал вампиров,комедийный,Роман Полански,Великобритания,1967
Бал безумных женщин,драматический фильм,Мелани Лоран,,
Бакинцы,исторический фильм,Виктор Турин,СССР,1938
Бал монстров,драма,Марк Форстер,США,2001
Бакстер (фильм),романтическая комедия,Майкл Шоуолтер,США,2005
Бакурау,научно-фантастический фильм,[d],Бразилия,2019
Бал (фильм),музыкальный фильм,Этторе Скола,Франция,1983
Баки Ларсон: Рождённый быть звездой,комедия,Том Брейди,США,2011
"Байки у костра (фильм, 1997)",фильм ужасов,Мартин Кунерт,США,1997
"Байрон (фильм, 2003)",драма,Джулиан Фарино,,
Бак Роджерс в XXV веке (фильм),боевик,Дэниел Хэллер,,
Байки из склепа: Демон ночи,Фильм ужасов,Эрнест Дикерсон,США,1995
Байки из склепа (фильм),комедия ужасов,Фредди Фрэнсис,США,1972
Байки из склепа: Кровавый бордель,Фильм ужасов,Гилберт Адлер,,1996
Бакенбарды (фильм),комедия,Юрий Мамин,СССР,1990
Бег по солнечной стороне,драма,Олег Кавун,Россия,
Бег от смерти,"боевик, драма, криминал",,Белоруссия,1996
"Балалайка (фильм, 1939)",мюзикл,Райнхольд Шюнцель,,
"Бег (фильм, 1968)",кинодрама,Здравко Шотра,Югославия,1968
Бег на месте,драма,Сидни Люмет,США,1988
"Бег (телеспектакль, 1971)",историческая драма,Филипп Жулиа,Франция,1971
"Беатриче Ченчи (фильм, 1956)",драматический фильм,Риккардо Фреда,,
Бег зайца через поля,гангстерский фильм,Рене Клеман,Франция,1972
Бег иноходца (фильм),мелодрама,Сергей Урусевский,СССР,1968
Башня без тени,драматический фильм,[d],,
"Бег (фильм, 1970)",кинороман,Александр Алов,СССР,1970
"Башня смерти (фильм, 1975)",триллер,Джерри Джеймсон,,
Башня ужаса,фильм ужасов,Ди Джей Макхейл,,
Беатрис на ужине,"комедия, драма",Мигель Артета,,2017
"Башня смерти (фильм, 1981)",фильм о боевых искусствах,Ын Сиюнь,Гонконг,1981
"Башня (фильм, 1987)",драма,Виктор Трегубович,СССР,1987
"Башня (фильм, 2012)",драматический фильм,[d],,
"Башня (фильм, 1928)",авангард,Рене Клер,Франция,1928
Бахчисарайский фонтан (фильм),Исторический,Яков Протазанов,,
Башни-близнецы (фильм),фильм-катастрофа,Оливер Стоун,США,2006
Башмачник (фильм),Комедия,Владимир Зайкин,,2002
Баши-Ачук (фильм),Приключения,Лео Эсакия,СССР,1956
Башмаки рыбака,драма,Майкл Андерсон,США,1968
"Безрассудные (фильм, 1995)",комедия,Норман Рене,США,1995
"Бегемот, морской монстр",научная фантастика,Эжен Лурье,,
Без вести пропавшие,Боевик,,США,1984
Без вины виноватый,боевик,Пэт Профт,США,1998
Безудержная,драма,Майкл Фейфер,США,2010
Безрадостный переулок (фильм),драматический фильм,"Пабст, Георг Вильгельм",,
"Безумец (фильм, 1982)",слэшер,Джей Джанноне,,1982
Безразличие (фильм),Лирическая комедия,Олег «Флянц» Флянгольц,СССР,
Безумец Джеппо,комедия,Адриано Челентано,Италия,1978
"Безответная любовь (фильм, 1999)",мелодрама,,,1999
Безродные звери,военная,Кэри Дзодзи Фукунага,США,2015
Безрадостные мгновения,драма,Майк Ли,Великобритания,1971
"Безотцовщина (фильм, 1976)",драма,Владимир Шамшурин,СССР,1976
Безопасность вещей,драма,Роуз Троше,Великобритания,2001
Безопасность не гарантируется,комедия,Колин Треворроу,США,2012
Безопасный проход,драма,Робер Аллан Акерман,США,1994
Безопасность прениже всего!,комедийный триллер,Фред Ньюмайер,,1923
"Безответная любовь (фильм, 1979)",Драма,Андрей Малюков,,1979
Безопасность без границ,комедия,Майкл Хуэй,Гонконг,1981
Безопасность (фильм),драма,Тодд Хейнс,,1995
Безопасное освещение,драма,,США,2015
Безмолвный охотник,боевик,Фред Уильямсон,,1995
Безмолвный свет,драма,Карлос Рейгадас,Мексика,2007
Безнадёга (фильм),драма,Мик Гаррис,США,2006
Безмолвный крик,агитационный,,США,1984
Безымянная звезда (фильм),трагикомедия,Михаил Козаков,,
Безмолвный свидетель (фильм),немое кино,,США,
Безымянная — одна женщина в Берлине,драма,нем.,Германия,2008
Белый парень Рик,криминальный фильм,Ян Деманж,США,2018
Белый рояль (фильм),музыкальная комедия,Мукадас Махмудов,СССР,1968
Белый пудель (фильм),драма,Марианна Рошаль,СССР,1955
Белый пароход (фильм),драма,Болотбек Шамшиев,СССР,1976
"Белый слон (фильм, 2022)",боевик,,США,2022
"Белый негр (фильм, 1939)",драма,Леонард Бучковский,Польша,1939
Белый призрак,боевик,Дасти Нельсон,США,1987
"Белый орёл (фильм, 1928)",драма,Яков Протазанов,СССР,1928
Белый олеандр,драма,Питер Козмински,США,2002
Белый плен,приключенческий фильм,Фрэнк Маршалл,,2006
Белый мотылёк,драма,Морис Турнёр,США,1924
"Белый король, красная королева",мелодрама,Сергей Бодров (старший),Россия,1992
"Белый охотник, чёрное сердце",драма,Клинт Иствуд,,1990
Белый лебедь (фильм),боевик,Софья Ская,Россия,2013
Белый медведь 9-го калибра,боевик,Тиль Швайгер,Германия,1998
Белый Клык 2: Легенда о белом волке,приключенческий фильм,Кен Олин,,1994
Белый материал,драма,Клер Дени,Франция,2009
"Белый квадрат (фильм, 1970)",мелодрама,Шарип Бейсембаев,СССР,1970
Белый корабль (фильм),военная,Роберто Росселлини,,
"Белый клык (фильм, 2018)",[d],[d],Франция,
"Белый Клык (фильм, 1991)",приключенческий фильм,Рэндал Клайзер,США,1991
Белый карлик (фильм),научно-фантастический фильм,Питер Маркл,США,1995
Белый снег,драма,Николай Хомерики,Россия,2021
Береги своего мужчину,мелодрама,Сэм Вуд,США,1933
"Белый Клык (фильм, 1946)",киноповесть,Александр Згуриди,СССР,1946
Бетховен 4,комедийный фильм,[d],,
Бетховен 3,комедийный фильм,[d],,
"Берт Ригби, ты — дурак",комедия,Карл Райнер,,1989
"Бесы (фильм, 1992)",драма,Игорь Таланкин,Россия,1992
"Бесы (фильм, 1988)",драма,Анджей Вайда,Франция,1988
Бесшумный перезвон ветра,драма,,Гонконг,2009
Бетховен (фильм),комедия,рус.,США,1992
Бесшумная команда,драма,Дж. Гордон Эдвардс,США,1923
Бесцветные сны,Психологический драма,Аюб Шахобиддинов,Узбекистан,2020
"Бесы (фильм, 2014)",драма,Роман Шаляпин,,2014
Бетти (фильм),Психологическая драма,Клод Шаброль,,1992
Бетховен 2,комедия,,США,1993
"Бестселлер (фильм, 1987)",триллер,Джон Флинн,США,1987
Бесчестье (фильм),драма,Стив Джейкобс,Австралия,2008
Бесшабашное ограбление,боевик,,США,2002
"Бестселлер (фильм, 2021)",комедийная драма,,США,2021
Бесстрашный мститель,тямбара,Кадзуо Икэхиро,Япония,
Бетховен 5,комедия,Марк Гриффитс,США,2003
"Бесстрашный (фильм, 1993)",драма,Питер Уир,,1993
"Бивень (фильм, 1980)",драматический фильм,Алехандро Ходоровски,,
Бестолковые,комедия,Эми Хекерлинг,США,1995
"Бесстрашный (фильм, 2010)",боевик,,,
"Бесстрашный (фильм, 2006)",драма,Ронни Ю,Гонконг,2006
Бесстрашные драконы,боевик,,Гонконг,1980
Бесстрашная гиена 2,боевик,Чань Чхюнь,Гонконг,1983
Блокбастер (фильм),комедия,Роман Волобуев,Россия,2017
Бильбао (фильм),драма,Бигас Луна,Испания,1978
Битва драконов,боевик,Айзек Флорентайн,,
Блондин — приманка для убийцы,детектив,Харольд Филипп,ФРГ,1969
"Блокада (фильм, 2015)",драматический фильм,[d],,2015
Ближний бой,боевик,,,
Блокадный дневник,военно-историческая драма,Андрей Зайцев,Россия,2020
Блокада (киноэпопея),киноэпопея,Михаил Ершов,СССР,
Блокпост (фильм),военная драма,Александр Рогожкин,Россия,1998
Блок ада 13,боевик,,,2000
Блогер (фильм),Уроуд-муви,,Россия,2012
Блиц (фильм),[d],Стив Маккуин,,
"Блокада (фильм, 2005)",документальный,Сергей Лозница,,2005
Блики в золотом глазу (фильм),драма,Джон Хьюстон,США,1967
Блистающий мир (фильм),кинофантастика,Булат Мансуров,СССР,1984
Близорукий школьный учитель,немое кино,,,
Близнецы-убийцы,фильм ужасов,Жозе Антонио Негрет,США,2011
Близнецы зла,фильм ужасов,,Великобритания,1971
"Близость (фильм, 2008)",драма,Тим Файвел,Великобритания,2008
"Близость (фильм, 2004)",драма,Майк Николс,,2004
Близнецы-драконы,комедия,Ринго Лэм,Гонконг,1992
"Близнецы (фильм, 2017, США)",триллер,Аарон Кац,США,
"Близнецы (фильм, 2003)",ужасы,Данте Лам,Гонконг,2003
"Близнецы (фильм, 2014)",комедия-драма,рус.,США,2014
"Близнецы (фильм, 1992)",боевик,Эрик Цан,Гонконг,1992
Блондинка (фильм),биографическая,Эндрю Доминик,США,2022
Блуждающие огни (фильм),драма,Пётр Чардынин,,1917
"Близнецы (фильм, 1988)",комедия,Айван Райтман,США,1988
Богатые и знаменитые (фильм),драма,Джордж Кьюкор,США,1981
Богатые дети,драма,Роберт М. Янг,США,1979
Большая автокража,Комедия,Рон Ховард,,1977
"Богомол (фильм, 1993)",триллер,Джеймс Кич,,1993
"Богомол (фильм, 1982)",триллер,Джек Голд,Великобритания,1982
Больная любовь,Мелодрама,Тудор Джурджу,Румыния,
Больница (фильм),сатира,Артур Хиллер,США,1971
Больвизер,драма,Райнер Вернер Фассбиндер,,1977
Боль чужих сердец,драматический фильм,Ферзан Озпетек,,
"Боль (фильм, 2009)",триллер,Барбара Степански,США,2009
Боль и слава,драма,Педро Альмодовар,Испания,2019
"Боль (фильм, 2017)",историко,Эмманюэль Финкель,,2017
"Боль (фильм, 1987)",триллер,Бигас Луна,Испания,1987
"Болото (фильм, 2005)",фильм ужасов,Джим Гиллеспи,США,2005
Болотные солдаты (фильм),драма,Александр Мачерет,СССР,
"Болотная street, или Средство против секса",комедия,Марк Айзенберг,СССР,1991
"Болотная тварь (фильм, 1982)",супергеройский фильм,Уэс Крэйвен,,1982
"Болеро (фильм, 1984)",мелодрама,Джон Дерек,США,1984
"Болота (фильм, 2011)",Мелодрама,Ги Эдуэн,,2011
Болотная тварь (предстоящий фильм),ужасы,Джеймс Мэнголд,США,
Болельщики (фильм),комедия,Нери Паренти,,1999
Болельщицы для Сатаны,"комедия, ужасы",Грейдон Кларк,США,1977
Болезнь любви,драма,Жак Дерэ,,1987
"Болек и Лёлек (фильм, 1936)",комедия,Михал Вашиньский,Польша,1936
Большая Америка,документальный,Майкл Мур,,1997
"Больше, чем любовь",комедия,Найджел Коул,США,2005
Бонни и Клайд: Подлинная история,Драма,Гэри Хоффман,,
Большое ограбление банка в Сент-Луисе,Фильм нуар,Чарльз Гуггенхейм,США,1959
Борьба без оружия,социальная драма,Сацуо Ямамото,Япония,
Борцы за светлое царство III Интернационала,агитфильм,Борис Светлов,,1919
Борцы с преступностью,комедийный боевик,Энцо Барбони,,1977
Борцы (фильм),политическая драма,Густав фон Вангенхайм,,
Борсалино и компания,гангстерский фильм,Жак Дере,Франция,1974
Борис Рыжий (фильм),документальное кино,,,2008
Борислав смеётся (фильм),драма,Иосиф Рона,СССР,1927
Борсалино (фильм),гангстерский фильм,Жак Дере,Франция,
"Борис Годунов (фильм, 1986)",исторический фильм,Сергей Бондарчук,СССР,
"Борис Годунов (фильм, 1907)",исторический,,Российская империя,
"Борис Годунов (фильм, 2011)",драма,Владимир Мирзоев,Россия,2011
"Борис Годунов (фильм, 1987)",музыкальный фильм,Борис Небиеридзе,СССР,1987
"Борис Годунов (фильм-опера, 1954)",музыкальная драма,Вера Строева,СССР,1954
"Борис Годунов (фильм-опера, 1989)",фильм-опера,Анджей Жулавский,Франция,1989
Борис без Беатрис,драматический фильм,Дени Коте,,
Борзые (фильм),криминальный фильм,Ким Мэннерс,США,1994
Борджиа (фильм),исторический фильм,Антонио Эрнандес,,2006
Борец и клоун,драма,Константин Юдин,,1957
Борец под чёрной маской,приключения,Николай Брешко-Брешковский,Российская империя,1913
Бордерлендс,приключения,Элай Рот,США,
"Бордель (фильм, 1985)",историческая драма,Никос Кундурос,Греция,1985
Брат Сокола,Детективный фильм,Стэнли Логан,США,
Брак по-имеретински,лирическая кинокомедия,Нинель Ненова-Цулая,СССР,1981
"Братство по крови (фильм, 2011)",боевик,,США,
Бронксская повесть,драма,Роберт де Ниро,США,1993
Бронко Билли,комедийная драма,Клинт Иствуд,,
Братья Гримм (фильм),Фэнтези,Терри Гиллиам,,2005
Брони: неожиданно взрослые поклонники My Little Pony,документальный фильм,[d],,
Бронзовая птица (фильм),детский,Николай Калинин,СССР,
Броненосец «Потёмкин» (фильм),драматическая,Сергей Эйзенштейн,СССР,1925
Брокер (фильм),криминальный фильм,Томас Майкл Доннелли,США,1986
Бродячий автобус,драма,Иосиф Хейфиц,СССР,1989
Бродяги Севера (фильм),детский фильм,Игорь Негреску,,1983
Бродячие ангелы,мелодрама,Элан Смити,США,1980
Бродячая принцесса,драма,Кинуё Танака,Япония,
"Бродяги (фильм, 1986)",триллер,Джон Мактирнан,,1986
"Бродяги (фильм, 1960)",драма,Фред Циннеман,США,
Бродяга Кэнсин: Последняя легенда,дзидайгэки,,Япония,2014
"Бродяги (фильм, 1997)",драматический фильм,Вин Дизель,,
Бродяга Кэнсин: Великий киотский пожар,"Боевые искусства,",,Япония,
Буги бой,криминальный боевик,Крейг Хаманн,США,1998
Бронсон (фильм),криминальная,Николас Виндинг Рефн,Великобритания,2008
Будущий фильм Энга Ли,Энг Ли,,,
Бурлящее вино,"комедия, экранизация",Вацлав Ворличек,,1976
Быть лишним,криминально-психологическая драма,Алоиз Бренч,СССР,1976
Бурная вечеринка,Фильм нуар,Гарри Хорнер,США,1956
"Быть или не быть (фильм, 1983)",комедия,Алан Джонсон,США,1983
Быть Астрид Линдгрен,семейный,Пернилла Фишер Кристенсен,Швеция,2018
Быть как все,документальное кино,,Канада,2008
"Быть или не быть (фильм, 1942)",антивоенная,Эрнст Любич,США,1942
Быстрый словарик любви,драматический фильм,Николетт Кребиц,,
Быть Джоном Малковичем,фэнтезийная комедия,Спайк Джонз,США,1999
"Быстрый меч (фильм, 1971)",приключенческий фильм,Хуан Фэн,Гонконг,1971
Быстрый курок,вестерн,Дэвид Листер,США,1994
"Быстро, дёшево и неуправляемо",документальный,Эррол Моррис,США,1997
Быстрый выход,боевик,,США,2008
Быстрый бегун,фэнтезийный фильм,Захариас Кунук,Канада,2001
Быстрый и мёртвый,вестерн,Сэм Рэйми,США,1995
Быстрые перемены,комедия,Ховард Франклин,США,1990
Быстрые перемены в школе Риджмонт-Хай,комедия,Эми Хекерлинг,,1982
В лунную ночь,драма,Лина Вертмюллер,Италия,1989
"В один прекрасный день (фильм, 1976)",киноальманах,Юлий Гусман,СССР,1976
В лучах славы,драма,Питер Берг,,2004
В первый раз,мелодрама,,США,2012
"В паутине страха (фильм, 2023)",ужасы,,США,2023
В ожидании Луны,драма,Джил Годмилов,Великобритания,1987
В паутине (фильм),комедийный фильм,Ким Чжи Ун,,2023
В пасти океана,фильм ужасов,,,2021
В памяти навсегда,Мелодрама,Эдвард Дмитрик,Великобритания,1947
"В парке (фильм, 1915)",комедия,Чарли Чаплин,,1915
В пасти безумия,фантастика,Джон Карпентер,США,1995
В Париж!,драма,Сергей Крутин,Россия,2009
В отрыв!,комедия,Джастин Кэрриган,Великобритания,1999
В осаде,боевик,Эндрю Дэвис,США,1992
В открытом море,романтическая комедия,Марта Кулидж,США,
"В ожидании чуда (фильм, 2007)",комедия,Евгений Бедарев,Россия,2007
В омуте Москвы,Драма,Николай Ларин,,
В опасном положении,комедия,Франсис Вебер,США,1992
В осаде 2: Тёмная территория,боевик,Джеф Мёрфи,США,1995
В омуте лжи,драма,,США,2008
В ожидании любви,мелодрама,Лукаш Карвовски,Польша,2008
"В ожидании чуда (фильм, 1975)",драма,Слободан Косовалич,СССР,1975
В пути,драма,Сэм Мендес,США,2009
В ожидании моря,трагикомедия,Бахтиёр Худойназаров,Германия,2012
"Валентина (фильм, 1981)",мелодрама,Глеб Панфилов,СССР,1981
Валентинка (фильм),мелодрама,Дерек Сиенфрэнс,США,2010
Валентина Кропивницкая: В поисках потерянного рая,документальный фильм,Евгений Цымбал,Германия,2015
Валенса (фильм),фильм-биография,Анджей Вайда,Польша,2013
Валентин и Валентина,мелодрама,Георгий Натансон,СССР,1985
Валентин Парнах: не здесь и не теперь,Документальный фильм,Михаил Басов,,2011
Валгалла: Сага о викинге,боевик,Николас Виндинг Рефн,Великобритания,2009
Вакансия на жертву,фильм ужасов,Нимрод Антал,США,2007
Вакольда,драма,Лусия Пуэнсо,Аргентина,2013
Вакансия (фильм),комедия,Маргарита Микаэлян,СССР,1981
"Вадим (фильм, 1910)",драма,Пётр Иванович Чардынин,,1909
Вавилон-5: Река душ,научная фантастика,Джэнет Грик,,
Вавилон-5: Третье пространство,научная фантастика,Хесус Сальвадор Тревиньо,,
Ваджда,драма,Хаифа аль-Мансур,Саудовская Аравия,2012
Вагрич и чёрный квадрат,документальный фильм,Андрей Загданский,США,2014
Вавилон-5: Легенда о рейнджерах. Жить и умереть в сиянии звёзд,научная фантастика,Майкл Веяр,,
Вавилон-5: Призыв к оружию,научная фантастика,Майкл Веяр,,
"Валентино (фильм, 1977)",драма,Кен Рассел,,1977
Великая страсть,драма,Александр Уральский,Российская империя,1916
Ватерлоо (фильм),исторический фильм,Сергей Бондарчук,Италия,1970
Великая стена (фильм),боевик,Чжан Имоу,Китай,2016
Великая свобода,драматический фильм,Себастиан Майзе,,
Великая сила (фильм),драма,Фридрих Эрмлер,СССР,1950
Великая Отечественная (сериал),документальный сериал,Роман Кармен,СССР,
Великая подмена,музыкальная драма,Янь Цзюнь,Гонконг,1965
Великая победа под Ленинградом,документальный,Николай Комаревцев,СССР,1944
Великая опора (фильм),драма,Абиб Исмайлов,СССР,1962
"Великая любовь (фильм, 1942)",военный фильм,Рольф Хансен,,
"Великая магия (фильм, 2023)",комедийный фильм,Нанни Моретти,Италия,2023
Великая наложница,историческая драма,Ли Ханьсян,Гонконг,1962
Великая криминальная революция,документально,Станислав Говорухин,Россия,1994
Великая княгиня Елисавета,документальный фильм,Лидия Киселёва,Россия,1993
Великая ложь,драма,Эдмунд Гулдинг,США,
Великая ирония,фильм-триллер,Вуди Аллен,США,
Великая война (документальный цикл),художественно-документальный,,Россия,
Великая красота,сатирическая,Паоло Соррентино,Италия,2013
Великая иллюзия,драма,Жан Ренуар,Франция,1937
Великан (фильм),драма,Питер Челсом,США,1998
Верёвка из песка (фильм),приключенческий фильм,Уильям Дитерле,,1949
Великая Афродита,комедия,Вуди Аллен,,1995
Великий Карузо,музыкальный фильм,Ричард Торп,США,1951
Весенний отрыв,комедия,Райан Шираки,США,2009
Весенний дождь,киноновелла,Кира Муратова,,1958
Весенняя путёвка,мелодрама,Варис Брасла,СССР,1978
Весенняя буря,драма,Альфред Деэши,Австро-Венгрия,1918
"Весенняя Олимпиада, или Начальник хора",Киноповесть,Исаак Магитон,СССР,1979
Весенний воздух,драма,Ладислав Хелге,Чехословакия,1961
Весенний поток,драма,Владимир Юренев,СССР,1940
Весенние шелкопряды,драма,Чэн Бугао,,1933
Весенний призыв (фильм),военный,Павел Любимов,СССР,
Весенние хлопоты,комедия,Ян Фрид,СССР,1964
Весенний вальс,музыкальная,Генри Костер,США,
Весенние перевёртыши (фильм),Григорий Аронов,Владимир Тендряков,СССР,1974
Весенние каникулы (фильм),комедия,Шон Секстон Каннингем,США,
Весенние надежды,трагикомедия,Дэвид Френкель,США,2012
Весенние грозы (фильм),Киноповесть,Николай Фигуровский,СССР,1960
Веселье в Акапулько,мюзикл,Ричард Торп,США,1963
Весенние воды текут на восток,драма,Цай Чушэн,Китайская Республика,1947
Веселящий газ (фильм),комедия,Чарльз Чаплин,США,1914
Весёлый ужин мамочек,комедия,[d],,2017
Весельчаки (фильм),трагикомедия,Феликс Михайлов,Россия,2009
Весёлый скелет,анимация,Луи Люмьер,Франция,1898
Взрослые игры,комедия,,,
"Весельчак (фильм, 1995)",мелодрама,Рам Гопал Варма,,1995
"Вий (фильм, 1909)",Фантастика,Василий Гончаров,Российская империя,1909
"Вий (фильм, 1916)",Фантастика,Владислав Старевич,Российская империя,1916
"Визит старой дамы (фильм, 2008)",драма,,Германия,2008
Визит к морю,документальный фильм,Джордж Альберт Смит,,
Визуальная Библия: Евангелие от Матфея,фильм-биография,Регхардт ван ден Берг,ЮАР,1993
Визит оркестра,комедия,Эран Колирин,Израиль,2007
Визит к Минотавру,детектив,Эльдор Уразбаев,СССР,
"Визит инспектора (фильм, 2015)",драма,Эйслинг Уолш,Великобритания,2015
Визит дамы,трагифарс,Михаил Козаков,СССР,
Визит семьи Дракулы,чёрная комедия,,Нидерланды,2006
Визит вежливости (фильм),кинороман,Юлий Райзман,СССР,1972
Визит в Ковалёвку,драма,Анатолий Буковский,СССР,1980
"Визит (фильм, 1964)",драма,Бернхард Викки,США,1964
"Визит (фильм, 2015)",фильм ужасов,М. Найт Шьямалан,США,2015
Виз (фильм),мюзикл,Сидни Люмет,США,1978
Византийская принцесса,приключенческий фильм,Висенте Аранда,Испания,2006
Византия (фильм),драма,Нил Джордан,Великобритания,2012
"Визит (фильм, 1954)",немое кино,Франсуа Трюффо,,
Вижу цель,драма,Сурен Шахбазян,СССР,1979
Власть первого,драма,Михаил Бонд-Томашевский,Российская империя,1916
"Влюблённые (фильм, 2012)",мелодрама,Гленио Бондер,Франция,2012
"Вне закона (фильм, 2019)",боевик,[d],США,2019
Внебрачный сын (фильм),драма,Радж Хосла,Индия,1978
Внезапная опасность,Фильм нуар,Хьюберт Корнфилд,США,1955
Вне/себя,фантастика,Тарсем Сингх,США,2015
Вне правил,комедийная драма,Уоррен Битти,США,2016
"Вне подозрений (фильм, 1995)",драма,,США,1995
"Вне поля зрения (фильм, 1998)",боевик,Стивен Содерберг,США,1998
"Вне подозрений (фильм, 2000)",драма,Мэттью Табак,США,2000
"Вне подозрений (фильм, 1943)",драма,Ричард Торп,США,1943
"Вне подозрений (фильм, 1947)",нуар,Майкл Кёртис,,
Вне зоны доступа (фильм),драма,,Россия,2021
"Вне закона (фильм, 2010)",драма,Рашид Бушареб,,
"Вне закона (фильм, 2006)",комедия,Крис Робинсон,США,2006
"Вне закона (фильм, 1983)",боевик,Жак Дере,Франция,1983
"Вне закона (фильм, 1986)",комедия,Джим Джармуш,,1986
"Вне закона (фильм, 1943)",[d],Говард Хьюз,,
Вне досягаемости,Боевик,рус.,США,
"Вне времени (фильм, 2024)",Оливье Ассаяс,[d],,
Внутри моей памяти,фантастика,Роланд Сузо Рихтер,США,2003
Внутри страны,драма,Тарик Такийа,Алжир,2008
Внезапная смерть (фильм),боевик,Питер Хайамс,США,1995
Возвращение с победой,военный фильм,Александр Иванов,СССР,1947
Возвращение Суперфлая,Боевик,,США,1990
Возвращение титанов,ужасы,Мэри Ламберт,США,2011
Возвращение троих пьяниц,комедия,Нагиса Осима,Япония,1968
Возвращение сына,драма,Шарип Бейсембаев,СССР,1977
Возвращение скрипки,боевик,Шамиль Махмудбеков,СССР,1972
Возвращение Супермена,супергеройский фильм,Брайан Сингер,США,2006
Возвращение семёрки,вестерн,Берт Кеннеди,,1966
Возвращение с фронта,военная,,Россия,2022
Возвращение реаниматора,фильм ужасов,Брайан Юзна,,2003
Возвращение помидоров-убийц,комедия,,,
Возвращение с орбиты,мелодрама,Александр Сурин,СССР,1983
Возвращение резидента,детективный фильм,Вениамин Дорман,СССР,
Возвращение Розовой пантеры,комедия,Блейк Эдвардс,США,1975
Возвращение попугая Кеши,Олег Асадулин,Никита Кологривый,Россия,2024
Возвращение однорукого меченосца,боевик,Чжан Чэ,Гонконг,1969
Возвращение надоедливой букашки,комедия,Жерар Пирес,Франция,1971
Возвращение нонконформиста,"биография, документальный",,Россия,2011
Возвращение Нечаева,триллер,Жак Дере,Франция,1991
Возвращение на Родину,драматический фильм,Ашутош Говарикер,,
Возвращение Нейтана Беккера,драма,Рашель Мильман-Кример,СССР,1932
"Волчья яма (фильм, 1983)",детектив,Болотбек Шамшиев,СССР,
Война Страйкера,боевик,Джош Бекер,,
"Волчья стая (фильм, 1975)","военный, экранизация",Борис Степанов,СССР,1975
Волчье эхо,приключенческий,Александр Сцибор-Рыльский,Польша,1968
Волчонок: Фильм,сверхъестественный триллер,Рассел Малкэхи,США,
Волчье лето,драма,Педер Норлунд,Норвегия,2003
Волчья кровь,Истерн,Николай Стамбула,Россия,1995
Волчонок среди людей,"драма, детский",Талгат Теменов,СССР,1988
Волчок (фильм),драма,Василий Сигарев,Россия,2009
Волчонок 2,фэнтези,,США,1987
Волчий лес,фильм ужасов,Педро Олеа,,1970
"Волчонок (фильм, 1985)",романтическая,,США,1985
Волчица (фильм),фильм ужасов,Марек Пестрак,Польша,1983
"Волчица (фильм, 1967)","драма, экранизация",,СССР,1967
Волхв (фильм),драма,Гай Грин,Великобритания,1968
Волочаевские дни,Историко-революционный,Сергей Дмитриевич Васильев,,1937
"Володя большой, Володя маленький",мелодрама,Вячеслав Криштофович,СССР,1985
Волосы (фильм),музыкальный фильм,Милош Форман,США,1979
Волонтёры (фильм),комедия,Николас Мейер,США,1985
Восхитительная ложь Нины Петровны,мелодрама,Ханс Шварц,Германия,1929
Восход «Чёрной луны»,боевик,Харли Коклисс,США,1986
"Воспоминания об убийстве (фильм, 2003)",детектив,Пон Чжун Хо,Республика Корея,2003
Восточный роман (фильм),"драма, мелодрама",Виктор Титов,Россия,1992
Восточный ветер 3,приключенческий фильм,Катя фон Гарнье,,
Восточный коридор,притча,Валентин Виноградов,СССР,1966
Восточные кондоры,боевик,Саммо Хун,Гонконг,1987
Восточный ветер 2,приключения,Кати фон Гарнье,Германия,2015
Восторг идиота,музыкальный фильм,Кларенс Браун,,
Восточный ветер (фильм),приключения,Кати фон Гарнье,Германия,2013
Восстание христиан,драма,Нагиса Осима,Япония,1962
Восток есть Восток,комедия,Дэмьен О’Доннелл,Великобритания,1999
Восстание рыбаков,драматический фильм,Эрвин Пискатор,,1934
Восток-Запад,драма,Режис Варнье,Франция,1999
Восстание мумии,фильм ужасов,Фрэнк Аграма,США,1981
Восстание планеты обезьян,фантастика,Руперт Уайатт,США,2011
Восстание душ: Бунт мертвецов,ужасы,Дерек Ван,США,2005
Восстание зомби,боевик,Ник Лайон,США,2012
Восстание машин (фильм),киберпанк,,,2011
Восстание зловещих мертвецов,фильм ужасов о сверхъестественном,Ли Кронин,США,
Восстание бездельников,документальный,Майкл Мур,США,2007
Восстание в Каутокейно,драма,Нильс Гауп,Дания,2008
Все деньги с кошельком,драма,Виталий Дудин,СССР,1981
Времена землемеров (фильм),драма,Волдемар Пуце,СССР,1968
"Времена года (фильм, 2006)",драма,Нури Бильге Джейлан,Турция,2006
Восход луны,нуар,Фрэнк Борзейги,,
Всё дело в воде,Романтическая комедия,Келли Хёрд,США,
Всё дело в брате,детский фильм,Валентин Горлов,СССР,
"Все говорят, что я люблю тебя",комедия,Вуди Аллен,США,1996
Все деньги мира,триллер,Ридли Скотт,США,2017
"Всё возможно, детка",комедия,,Великобритания,2000
Всё впереди (фильм),драма,Николай Бурляев,СССР,1990
Всё включено 2,Комедия,Эдуард Радзюкевич,Россия,2013
Всё включено: Каникулы в Греции,комедия,Ханнес Холм,Швеция,2012
Все верные ходы,драма,Майкл Чапман,США,1983
Всё взаимно,мелодрама,Шерон Поллак,США,
Всё везде и сразу,фантастический,Дэниел Шайнерт и Дэн Кван,США,2022
Всё в хорошем вкусе,комедия,Энтони Крамрейтер,Канада,1983
Все в семье (фильм),комедия,Чжу Му,Гонконг,1975
"Всё будет хорошо (фильм, 1998)",Комедия,,Германия,1998
"Всё будет хорошо! (фильм, 1995)",мелодрама,Дмитрий Астрахан,Россия,1995
Всё в жизни бывает,Мелодрама,Каран Джохар,Индия,1998
Все в выигрыше,драма,Карел Рейш,США,1990
"Всё будет хорошо (фильм, 2022)",фантастика,Ритхи Пань,,2022
Всё будет снова хорошо,драма,Кристоффер Боэ,Дания,2010
Все без ума от Мэри,романтическая комедия,Питер и Бобби Фаррелли,США,1998
Вторая попытка Виктора Крохина,мелодрама,Игорь Шешуков,СССР,1977
"Вторжение (фильм, 2006)",триллер,Энтони Мингелла,,
Вторжение в США,боевик,Джозеф Зито,США,1985
"Вторжение (фильм, 2019)",фантастика,Фёдор Бондарчук,,2019
"Вторжение (фильм, 1980)",мелодрама,Виллен Новак,СССР,1980
"Вторжение (фильм, 2007)",научная фантастика,Оливер Хиршбигель,,2007
"Вторжение (фильм, 1969)",драма,Уго Сантьяго,Аргентина,1969
"Вторая тень (фильм, 2000)",драма,Сильвано Агости,Италия,2000
Вторая молодость (фильм),романтический фильм,Михал Вашиньский,,
Вторая кожа,драма,Херардо Вера,Испания,2000
Вторая Жикина династия,комедийный фильм,Зоран Чалич,,
Вторая истина,детектив,Кристиан-Жак,Франция,1966
"Вторая жена (фильм, 1980)",драма,Марта Месарош,,1980
Вторая жизнь Уве (фильм),драма,Ханнес Хольм,Швеция,2015
"Втихаря (фильм, 1975)",комедийный фильм,[d],,1975
"Вторая жена (фильм, 1927)","драма, экранизация",Михаил Доронин,СССР,1927
Вторая весна,Кинороман,Владимир Венгеров,СССР,1979
Вся эта дребедень,триллер,Алан Пакула,,1981
Вся правда о любви,мелодрама,Джон Хэй,,2004
Вся семья работает,драма,Микио Нарусэ,Япония,1939
Вся правда о Колумбе,"драма, экранизация",Витаутас Жалакявичус,СССР,1970
Вся президентская рать,триллер,Алан Пакула,США,
Выползшее из деревянных вещей,фантастика,Герд Освальд,,1963
Вымирающая порода,фильм ужасов,Джоди Двайер,Австралия,2008
Выпуск ’97,трагикомедия,Павел Остриков,Украина,2017
Выход толстого дракона,боевик,Саммо Хун,Гонконг,1978
Выход через сувенирную лавку,комедия,Бэнкси,США,2010
Выход тигра,комедия,Артур Хиллер,США,1967
Выход рабочих с фабрики,Документальный,Луи Люмьер,Франция,1895
"Выход (фильм, 2022)",документальный фильм,,Россия,2022
Выход дьявола (фильм),Ужасы,Теренс Фишер,Великобритания,1968
Выход в красное,драма,,США,1996
"Выход (фильм, 2015)",Драма,Михаил Учителев,,2015
Высший суд (фильм),документальный,Герц Франк,СССР,1987
Высший свет (фильм),немое кино,[d],США,1921
"Высший пилотаж (фильм, 2005)",фантастика,Майк Митчел,США,
Высший балл,комедия,Брайан Роббинс,США,2004
"Высший пилотаж (фильм, 2002)",драма,Йонас Акерлунд,США,2002
"Высшее общество (фильм, 2018)",научно-фантастический фильм,Клер Дени,,2018
Высшие духи,комедия,Нил Джордан,США,1988
Высший класс (фильм),драма,,СССР,1991
"Выхода нет (фильм, 1950)",Фильм нуар,Джозеф Манкевич,,
"Высшее общество (фильм, 1956)",музыкальная комедия,Чарльз Уолтерс,США,1956
"Где ты был, Одиссей?",драма,Тимур Золоев,СССР,1978
Где соприкасаются руки,драма,,,
Гамера против Гяоса,семейный,Нориаки Юаса,,
Где третий король?,детектив,Рышард Бер,Польша,1967
Где одного алиби мало,детективный,Владимир Чех,Чехословакия,1961
Где находится нофелет?,комедия,Геральд Бежанов,СССР,1987
Где скрывается правда,драма,Атом Эгоян,Канада,2005
Где свобода?,драма,Роберто Росселлини,Италия,1954
Где живёт опасность,Фильм нуар,Джон Фэрроу,США,1950
"Где моя тачка, чувак?",фантастическая,Дэнни Лейнер,США,2000
Где же мечты юности?,драма,Ясудзиро Одзу,Япония,1932
Где дом друга?,драма,Аббас Киаростами,,1987
Выход дракона,фильм о боевых искусствах,Роберт Клауз,Гонконг,1973
Где горит огонь,драматический фильм,Исмаил Гюнеш,,
Где генерал?,военная,Тадеуш Хмелевский,Польша,1963
"Где вы, рыцари?",комедия,Леонид Быков,,
Где Ахмед?,комедия,Адиль Искендеров,СССР,1963
Где бы ты ни был,трагикомедия,Паоло Соррентино,Италия,2011
Где Анна Франк?,Ари Фольман,Александр Роднянский,Бельгия,
Генерал и маргаритки,драматический фильм,Михаил Чиаурели,СССР,1962
Георгий Саакадзе (фильм),историческая,Михаил Чиаурели,СССР,
Где 042?,военный,Олег Ленциус,СССР,1969
Главная роль,комедийный фильм,[d],,2021
Главарь мафии,боевик,[d],Индия,1978
Глава государства (фильм),комедия,Крис Рок,США,2003
,документальный фильм,Бертран Блие,,
Гитлер. Фильм из Германии,артхаус,Ханс-Юрген Зиберберг,ФРГ,
Гитлер: Последние десять дней,драма,Эннио Де Кончини,Великобритания,1973
Глава 27,драма,,США,2007
Гитлер: Восхождение дьявола,фильм-биография,Кристиан Дюгей,Канада,2003
Гитара-монголоид,драма,Рубен Остлунд,Швеция,2004
Гитлер капут!,фарсовая,Марюс Вайсберг,,
Гитара (фильм),драма,,,2008
Гипотеза похищенной картины,драма,Рауль Руис,Франция,1979
"Гипноз (фильм, 2020)",Валерий Тодоровский,[d],,2020
Гипнотик (фильм),научная фантастика,Роберт Родригес,США,2023
Гипноз: Раб чужой воли,драма,Рихард Айхберг,,1920
Гипно-Хастлер (фильм),супергеройский фильм,Дональд Гловер,США,
Гипернормализация,документальный,"Кёртис, Адам",,2016
Гиперболоид инженера Гарина (фильм),фантастика,Александр Гинцбург,СССР,1965
Голда. Судный день,драматический фильм,Гай Наттив,,
Голдстоун (фильм),драма,Иван Сен,Австралия,2016
Голдфингер,боевик,Гай Хэмилтон,Великобритания,1964
Голго-13 (фильм),боевик,Дзюнъя Сато,Япония,
"Голая правда (фильм, 2009)",комедия,Роберт Лукетич,США,2009
"Голгофа (фильм, 2014)","Триллер, драма",Джон Майкл Макдонах,Ирландия,2014
Гол! 3,драма,Эндрю Морахэн,Великобритания,2009
"Голая правда (фильм, 1992)",фильм категории B,Нико Масторакис,,
"Голая правда (фильм, 1957)",кинокомедия,Марио Дзампи,,
Голая опера,Документальный фильм,,Германия,2013
Голая Джульетта (фильм),комедийная драма,Джесси Перец,США,2018
Голая графиня,драма,Курт Нахманн,,1971
Голая бухта,драма,Аку Лоухимиес,Финляндия,2012
Гол живых мертвецов,ужасы,,Франция,2014
Гол!,драма,Дэнни Кэннон,США,2005
Гол в Спасские ворота,Павел Любимов,Александр Литвинов,СССР,1990
Гол 2: Жизнь как мечта,драма,Жауме Кольет-Серра,Великобритания,2007
"Гойя, или Тяжкий путь познания (фильм)",Историко-биографический,Конрад Вольф,,1971
Годы девичьи,драма,Леонид (Израиль) Эстрин,СССР,1961
"Годы молодые (фильм, 1959)",комедия,Алексей Мишурин,СССР,1958
Годовщина революции (фильм),документальный фильм,Дзига Вертов,РСФСР,1918
Голодные игры: Сойка-пересмешница. Часть 1,антиутопический,Фрэнсис Лоуренс,США,
"Гордость (фильм, 2014, Иордания)",драма,Наджи Абу Нувар,Иордания,2014
Горит ли Париж?,драма,Рене Клеман,,1966
Горничная (фильм),криминальная драма,Ким Ки Ён,Республика Корея,1960
Голодные игры: И вспыхнет пламя,антиутопический,Фрэнсис Лоуренс,США,2013
Горничная с «Титаника»,мелодрама,Бигас Луна,Франция,1997
Гориллы в тумане,драма,Майкл Эптед,США,1988
Горизонты (серия фильмов),вестерн,Кевин Костнер,США,
"Горизонт (фильм, 1932)",драма,Лев Кулешов,СССР,1932
"Горизонт (фильм, 1961)",молодёжная киноповесть,Иосиф Хейфиц,СССР,1961
"Гори, моя звезда",Киноповесть,Анатолий Слесаренко,СССР,
"Гори, гори, моя звезда (фильм)",трагикомедия,Александр Митта,СССР,1969
"Гори, гори ясно",супергеройский,,США,
Горечь и сладость,драма,Ким Чжи Ун,Республика Корея,2005
"Гори, Голливуд, гори",псевдодокументальный фильм,Артур Хиллер,,1998
Горец: Конец игры,Фантастика,,США,2000
Горец: Источник,боевик,Бретт Леонард,Великобритания,2007
Горец 3: Последнее измерение,фэнтези,Эндрю Морахэн,Канада,1994
Горец (фильм),боевик,Рассел Малкэхи,США,1986
Горец 2: Оживление,антиутопия,Расселл Малкэхи,Аргентина,1990
"Горец (фильм, 1992)",исторический фильм,Мурат Джусойты,Россия,1992
Горец (будущий фильм),боевик,Чад Стахелски,США,
Горе-творец,кинокомедия,Джеймс Франко,,2017
Город принял (фильм),[d],Вячеслав Максаков,СССР,
Горностай (фильм),комедийная драма,,Франция,2015
Гражданин гангстер,криминальный фильм,[d],,
"Градива (фильм, 1970)",драматический фильм,Джорджо Альбертацци,Италия,1970
Горькие яблоки,драма,Гарри О. Хойт,,1927
Гражданин Брих,драма,Отакар Вавра,Чехословакия,1958
"Гражданин (фильм, 2014)",[d],Ежи Штур,,
Город Эмбер: Побег,фантастика,Гил Кинан,США,2008
Град камней,драма,Кен Лоуч,Великобритания,1993
Град (фильм),военный фильм,рус.,Азербайджан,2012
"Грабитель (фильм, 2010)",драма,Беньямин Гейзенберг,Германия,2010
Грабитель Виски,криминал,Нимрод Антал,Венгрия,2017
"Грабители (фильм, 1896)",криминальный фильм,Уильям Поль,Великобритания,1896
ГПУ (фильм),приключения,Карл Риттер,,
Гравитация (фильм),драматический,Альфонсо Куарон,США,2013
Грабёж (фильм),боевик,Дэвид Мэмет,Канада,2001
"Гоэмон (фильм, 2009)",фантастика,,Япония,2009
"Готти (фильм, 1996)",драма,Роберт Хармон,,
"Готика (фильм, 1986)",драма,Кен Рассел,,1986
Готова на всё,триллер,Харолд Беккер,Канада,1993
Госфорд-парк,сатирический,Роберт Олтмен,Великобритания,2001
"Готика (фильм, 2003)",триллер,Матьё Кассовиц,США,2003
Государыня и разбойник,историческая драма,Екатерина Толдонова,Россия,2009
Государственный чиновник,драма,Иван Пырьев,СССР,1930
Грачи (фильм),криминальная,Константин Ершов,СССР,1982
"Гудбай, Америка (фильм)",драма,Сарик Андреасян,Россия,2020
Гудини (мини-сериал),байопик,Ули Эдель,,
Губная помада (фильм),Драма,Ламонт Джонсон,,1976
Гудзонский ястреб,комедия,Майкл Леманн,,
Гуантанамера (фильм),комедия,Томас Гутьеррес Алеа,,1995
Гу-га,военная,Виллен Новак,СССР,1989
"Гуд бай, Ленин!",Трагикомедия,Вольфганг Беккер,Германия,2003
Грязь и ярость,Документальный фильм,,США,2000
"Грязь (фильм, 2019)",драма,Джефф Треймейн,США,
Грязь и мудрость,драма,Мадонна,Великобритания,2008
"Грязь (фильм, 2013)",чёрная,[d],,
Грязный Хо,боевик,Лю Цзялян,Гонконг,1979
"Грязные танцы (фильм, 2025)",мелодрама,Джонатан Ливайн,,2025
Грязные фото для дамы вне всяких подозрений,детектив,Лучиано Эрколи,,1970
Грязный стыд,комедия,Джон Уотерс,США,2004
Грязные танцы 2: Гаванские ночи,мелодрама,Гай Ферленд,,2004
Грязный Гарри (фильм),триллер,Дон Сигел,,
Дамы приглашают кавалеров,комедия,"Киасашвили, Иван Давидович",,
"Грязные танцы (фильм, 2017)",музыкальный фильм,[d],,
Два дня для убийства,мелодрама,Жан Беккер,Франция,2008
Дайана Найэд (фильм),[d],[d],,
Два дня чудес,фантастика,Л. Мирский,СССР,1970
Два дня в долине,криминальный фильм,,США,1996
"Два дня (фильм, 1927)",исторический,Георгий Стабовой,СССР,1927
Два Джейка,детектив,Джек Николсон,,1990
Два дня,комедия,Авдотья Смирнова,Россия,2011
Два далёких незнакомца,научная фантастика,,США,2020
Два гроша надежды,драма,Ренато Кастеллани,Италия,1952
Два гусара (фильм),драма,Вячеслав Криштофович,СССР,
Два года над пропастью,военный фильм,Тимофей Левчук,,1966
Два голоса,мелодрама,Александр Белинский,СССР,1981
"Два глаза, двенадцать рук",комедия,Раджарам Ванкудре Шантарам,Индия,1958
Два господина N,шпионский детектив,Тадеуш Хмелевский,Польша,1961
Два газетчика,сатира,,Россия,2012
Два героя,боевик,Чжан Чэ,Гонконг,1974
Два всадника,вестерн,Джон Форд,,
Два воина,боевик,Юнь Вопхин,Гонконг,1993
Два воскресенья,киноповесть,Владимир Шредель,СССР,1963
Два велосипеда,документальное кино,Екатерина Суворова,Россия,2006
"Два дня, одна ночь",драма,Жан-Пьер и Люк Дарденн,Бельгия,2014
Два в одном,драма,Кира Муратова,Украина,2007
Два броневика,революционная драма,Семён Тимошенко,СССР,1928
Двойной обгон,боевик,Александр Гордон,СССР,
Девочка из города (фильм),драма,Олег Николаевский,СССР,1984
Девочка и эхо,драма,Арунас Жебрюнас,СССР,1964
Девочка и лисёнок,приключенческий,Люк Жаке,Франция,2007
Девочка и крокодил,Детский фильм,Иосиф Гиндин,СССР,1956
Девочка и вещи,немой,Никита Михалков,,
Девичья весна,комедия,Вениамин Дорман,СССР,1960
Девичьи страдания (фильм),комедия,Джордж Стивенс,,1937
Девочка (фильм),драма,Лукас Донт,,2018
Девки с мачете на свободе!,документальный,,Австралия,
Девичник в Вегасе,комедия,Пол Фиг,,
Девичий пастух,драма,Юсуп Разыков,Узбекистан,2005
Девичий заговор,комедия,Иероним Пшибыл,Польша,1969
Девичество (фильм),драма,Селин Сьямма,Франция,
"Девдас (фильм, 2006)",романтическая комедия,рус.,,2006
Девица (фильм),[d],[d],,
Девичий источник,драма,Ингмар Бергман,,1960
"Девдас (фильм, 1935)",драма,,Британская Индия,1935
"Девдас (фильм, 2002)",музыкальный фильм,Санджай Лила Бхансали,Индия,2002
"Девдас (фильм, 1955)",драма,Бимал Рой,Индия,1955
Девушка и Гранд,мелодрама,Виктор Садовский,СССР,1981
Декабрьские мальчики,драма,Род Харди,Австралия,2007
"Девушки в униформе (фильм, 1958)",драма,Геза фон Радваньи,Франция,1958
Декалог (фильм),притча,Кшиштоф Кеслёвский,Польша,1989
Декабрьская жара,[d],[d],,
"Декабрь (фильм, 2023)",драма,Клим Шипенко,Россия,2024
"Декабрь (фильм, 2008)",драма,Селтон Мелу,Бразилия,2008
"Действуй, сестра 2",комедия,Билл Дьюк,США,1993
"Действуй, сестра",комедия,Эмиль Ардолино,,1992
Декабристы (фильм),историко,,СССР,1926
Действуй по обстановке!,военно,Иван Горобец,СССР,1984
Дейзи Уинтерс,драма,,США,2017
"Действуй, Маня!","комедия, фантастика",Роман Ершов,СССР,1991
"Дезертир (фильм, 1933)",драма,Всеволод Пудовкин,СССР,1933
Дезорганизованная преступность,комедия,Джим Коуф,,1989
"Дезертир (фильм, 1912)",драматический фильм,Томас Инс,США,1912
Дежурный папа: Летний лагерь,комедия,Фред Сэвидж,США,2007
Дежурный папа,комедия,Стив Карр,США,2003
Дежурный аптекарь,криминальный фильм,Жан Вебер,Франция,2003
Дежурная аптека (фильм),комедия,Мануэль Эстудильо,Испания,2010
"Дежа вю (фильм, 2006)",фантастика,Тони Скотт,США,2006
Дело Парадайна,драма,Альфред Хичкок,США,1947
"Демоны (фильм, 1972)",фильм ужасов,Хесус Франко,Франция,1972
"День ангела (фильм, 1988)",трагикомедия,Сергей Сельянов,СССР,1988
Деньги решают всё,комедия,Бретт Ратнер,США,1997
"День святого Валентина (фильм, 2010)",романтическая комедия,Гарри Маршалл,США,2010
Дервиш взрывает Париж,комедия,Шамиль Махмудбеков,СССР,
Дерби (фильм),Документальное кино,Бирт Акрес,Великобритания,1895
"Деньги, деньги, ещё деньги",комедия,Питер Макдональд,США,1992
Депрессия (фильм),детективный фильм,Алоиз Бренч,СССР,1991
Депутат Балтики,историко-революционный,Александр Зархи,СССР,1936
"Деньги (фильм, 2022)",порнофильм,Сет Гэмбл,США,2022
Депутатка Анджелина,драматический фильм,Луиджи Дзампа,Италия,1947
Деньги (фильм),драма,Робер Брессон,,1983
Деньги на двоих,триллер,Ди-Джей Карузо,США,
"День, который не умрёт","военный фильм, драма",Мартин Тяпак,Чехословакия,1974
"Деньги (фильм, 1928)",драматический фильм,"Л’Эрбье, Марсель",,
"День, когда Земле пришёл конец (фильм, 1955)",постапокалиптический,Роджер Корман,,
"День, когда клоун плакал",драма,,,
"День, когда остановилась Земля (фильм, 1951)",фантастика,Роберт Уайз,США,1951
"День, когда ограбили английский банк",драма,Джон Гиллермин,,
"День, когда Земля остановилась (фильм, 2008)",фантастика,Скотт Дерриксон,США,2008
Десять тысяч святых,драма,,США,2015
"День, когда загорелась Земля",научно-фантастический,Вэл Гест,,
"День ярости (фильм, 1973)",драма,,Италия,1973
Детский остров,драма,Кей Поллак,Швеция,1980
Дети во все времена года,драма,Хироси Симидзу,Япония,1939
"Джеймс (фильм, 2008)",драма,,Великобритания,2008
Джей и Молчаливый Боб наносят ответный удар,комедия,Кевин Смит,США,2001
Джезабель,ужасы,Кевин Гротерт,США,2014
Джей и Молчаливый Боб: Перезагрузка,комедия,Кевин Смит,США,2019
Джей в Голливуде,комедия,Джейсон Мьюз,США,2019
"Джанки (фильм, 1928)",драма,Александр Цуцунава,СССР,1928
Джастин Бибер: Никогда не говори никогда,документальный,Джон Чу,США,2011
"Джамиля (фильм, 1968)",драма,Ирина Поплавская,СССР,1968
"Джанго (фильм, 2017)",биографический,Этьен Комар,Франция,2017
"Джанго (фильм, 1966)",спагетти-вестерн,Серджо Корбуччи,Италия,1966
"Джамиля (фильм, 1958)",драма,Юсеф Шахин,Египет,1958
Джамбул (фильм),исторический,Ефим Дзиган,СССР,1952
Джанго освобождённый,вестерн,Квентин Тарантино,США,2012
Джаз в летний день,концертный фильм,,США,1959
"Джамбо (фильм, 2020)",драматический фильм,[d],,
Джалло (фильм),триллер,Дарио Ардженто,Италия,
Джаг-Мандир (фильм),документальный фильм,Вернер Херцог,Германия,1991
Дж. Эдгар,драма,Клинт Иствуд,США,2011
"Дефолт (фильм, 2018)",Триллер,Чхой Кук Хи,Республика Корея,2018
Дешёвый детектив,криминальный фильм,[d],,
Дешёвые шутки,комедия,Джефф Урелес,,1989
Джонни Стервятник,драма,Джон Раффо,США,1998
"Диверсант (фильм, 1942)",триллер,Альфред Хичкок,,
"Дивергент, глава 3: За стеной",научная фантастика,Роберт Швентке,США,2016
Диван Сталина,драма,Фанни Ардан,Франция,2016
Дивергент (фильм),научная фантастика,Нил Бёргер,США,2014
"Дивергент, глава 2: Инсургент",научная фантастика,Роберт Швентке,США,2015
Дива (фильм),триллер,Жан-Жак Бенекс,Франция,1981
Диас: Не вытирайте эту кровь,драма,Даниэле Викари,Италия,2012
Диана: Мюзикл,мюзикл,Кристофер Эшли,США,2021
Диана: Последние дни принцессы,драма,Ричард Дэйл,,
Диалог (фильм),политический триллер,Сергей Колосов,СССР,1977
Дзифт,неонуар,Явор Гырдев,Болгария,2008
Диалог с моим садовником,драма,Жан Беккер,Франция,2007
Диана: История любви,биографическая,Оливер Хиршбигель,Великобритания,2013
"Дзирайя, ниндзя",боевик,Сёдзо Макино,Япония,1921
Диагональ слона,кинодрама,Ришар Дембо,Франция,1984
Дзига и его братья,неигровой фильм,Евгений Цымбал,Россия,2002
"Джура (фильм, 1964)",приключенческий,Адольф Бергункер,СССР,1964
Джэни Джонс,драма,,США,2010
"Диверсанты (фильм, 1967)",военный фильм,Хайрудин Крвавац,,1967
Дзета (фильм),детектив,Коста-Гаврас,Франция,1969
Джуно (фильм),комедийная драма,Джейсон Райтман,США,2007
"Дневник горничной (фильм, 1946)",драма,Жан Ренуар,США,1946
"Дневник горничной (фильм, 2015)",драма,Бенуа Жако,Франция,
Дневник Глумова,короткометражный,Сергей Эйзенштейн,СССР,1923
"Дневник горничной (фильм, 1964)",драма,Луис Бунюэль,Франция,
Дикие пальмы (мини-сериал),драма,Кэтрин Бигелоу,,
Дневник девочки-подростка,комедия-драма,Мариэль Хеллер,США,
Дневник вампирши,Ужасы,,Великобритания,
Дневник вора из Синдзюку,драма,Нагиса Осима,Япония,1969
Дневник безумной чёрной женщины,драма,,США,2005
Дневник Анны Франк (фильм),драматический фильм,Джордж Стивенс,США,
Дневная смена (фильм),фильм о вампирах,"Перри, Джей Джей",,2022
Дневник Аурелии Лафлам,фэнтези,Кристиан Лоуренс,Канада,2009
Дмитро Горицвит,драма,Николай Макаренко,,1961
Дмитрий II (фильм),Историческая драма,Рамаз Хотивари,СССР,1982
Дневник Бриджит Джонс (фильм),романтическая комедия,Шэрон Магуайр,Великобритания,2001
Дневная красавица,драма,Луис Бунюэль,Франция,1967
Дождь без грома,фантастика,[d],,1992
Днестровские мелодии,музыкальный фильм,Ион Мижа,,
Дневник моего ума,драматический фильм,Урсула Майер,,
Добрые люди,киноповесть,Шота Манагадзе,СССР,1961
Добро пожаловать в Тонмакколь,комедия,,Республика Корея,2005
До потопа (фильм),документальный,Фишер Стивенс,США,2016
До последней минуты,драма,Валерий Исаков,СССР,1973
Днепровский рубеж,Военная,Денис Скворцов,,
Доктор Вера (фильм),драма,Дамир Вятич-Бережных,СССР,1967
Доктор Бетьюн,драма,,Канада,1990
"Доктор (фильм, 2023)",драматический фильм,,Россия,2023
Доктор Голдфут и бикини-машины,комедия,Норман Таурог,,
Доктор (фильм),драматический фильм,Рэнда Хейнс,США,1991
Доктор Акаги,комедийная драма,Сёхэй Имамура,,
Доктор Айболит (фильм),фильм-сказка,Владимир Немоляев,,
Доклад о девственницах,комедия,Хесус Франко,ФРГ,1972
Доказательство съёмки,криминальный фильм,Лоуренс Марстон,США,1913
Доказательство смерти,слэшер,Квентин Тарантино,США,2007
Доказательство жизни,драма,Тейлор Хэкфорд,США,2000
"Доказательство (фильм, 1991)",драма,Джослин Мурхаус,,1991
"Доказательство (фильм, 2005)",драма,Джон Мэдден,США,2005
Дозор на Рейне,шпионский фильм,[d],,
Дознание пилота Пиркса,фантастика,Марек Пестрак,СССР,
Дожить до утра,боевик ,,США,2020
Дожить до рассвета (фильм),"военный фильм, драма, экранизация",Михаил Ершов,СССР,1975
Доживём до понедельника,драма,Станислав Ростоцкий,СССР,1968
Дождь над нашей любовью,Драма,Ингмар Бергман,Швеция,1946
"Дождь (фильм, 2001)",драма,Маджид Маджиди,,2001
Дождь в горах,боевик,Кинг Ху,Гонконг,1979
Дождь (фильм-спектакль),мелодрама, Владимир Латышев,,1984
"Дождь (фильм, 1929)",документальный фильм,Йорис Ивенс,,1929
Дом напротив,киноповесть,Аян Шахмалиева,СССР,1958
"Дом там, где сердце",комедия,Джон Бурмен,США,1990
Дом тёмных бабочек (фильм),драма,Доме Карукоски,Финляндия,2008
Дом страха,эротика,Билл Батлер,,2004
Дом страхов,фильм ужасов,,США,2007
Дом со смеющимися окнами,фильм ужасов,Пупи Авати,,1976
Дом смерти Амитивилля,фильм ужасов,[d],,
Дом Солнца,драма,Гарик Сукачёв,Россия,2010
Дом странных детей мисс Перегрин,фэнтези,Тим Бёртон,США,2016
"Дом с привидениями (фильм, 1987, СССР)",школьная драма,Ефим Гальперин,,1987
Дом святого Казимира,историческая,Игнацы Гоголевский,Польша,1983
"Дом с привидениями (фильм, 1987, Италия)",фильм ужасов,Умберто Ленци,США,1987
Дом с паранормальными явлениями 2,Комедия,Майкл Тиддес,США,2014
"Дом с привидениями (фильм, 1921)",комедия,рус.,,1921
Дом с ловушками,боевик,Чжан Чэ,Гонконг,1982
Дом с паранормальными явлениями,комедия,Майкл Тиддес,США,2013
Дом с мезонином (фильм),Мелодрама,Яков Базелян,СССР,1960
Дом с жёлтым ковром,триллер,Карло Лидзани,,1983
Дом проклятых,[d],[d],,
Дом с закрытыми ставнями,драматический фильм,Дэвид Уорк Гриффит,США,1910
Дом с башенкой,драма,Ева Нейман,Украина,2011
Дом призраков 3D,фильм ужасов,Викрам Бхатт,Индия,2011
Дом терпимости (фильм),драма,Бертран Бонелло,Франция,2011
Дорога на Сечь,драма,Сергей Омельчук,Украина,1994
Достопримечательность (За гранью возможного),фантастика,Ласло Бенедек,США,1963
Досье «Беларусь»,триллер,Роберт Марковиц,США,1985
Достучаться до небес (фильм),Кинокомедия,Томас Ян,Германия,1997
Достопочтенный джентльмен,комедия,Джонатан Линн,США,1992
Достояние республики (фильм),исторический,Владимир Бычков,СССР,
Достигая невозможного,боевик,Грэм Клиффорд,,1989
Достичь небес,фильм-биография,Льюис Гилберт,,
Достать Санту,комедия,Кристофер Смит,Великобритания,2014
Достать ножи 3,мистерия,Райан Джонсон,,
Достать ножи,мистерия,Райан Джонсон,США,2019
Достать ножи: Стеклянная луковица,мистерия,Райан Джонсон,США,2022
Доставить по назначению,"триллер, драма, детектив",Эндрю Дэвис,США,
Доставка любви,Комедия,Стивен Чоу,Гонконг,1994
Достать коротышку,комедия,Барри Зонненфельд,,1995
Доспехи Бога 3: Миссия Зодиак,приключенческий фильм,Джеки Чан,Гонконг,2012
Доспехи бога: В поисках сокровищ,приключенческий фильм,Стэнли Тонг,Китай,2017
Дракула 3: Наследие,фильм о вампирах,Патрик Люссье,США,2005
Доспехи Бога 2: Операция Кондор,приключенческий фильм,Джеки Чан,,
Доспехи Бога,приключенческий фильм,Джеки Чан,,1986
Досье «Ипкресс» (фильм),шпионский детектив,Сидни Фьюри,Великобритания,1965
Другая работа для Андертейкера,фантастика,Эдвин Стэнтон Портер,,1901
Дракула 2: Вознесение,фильм о вампирах,Патрик Люссье,,2003
Другой мир: Пробуждение,боевик,Монс Морлинд,,
"Дублёрша (фильм, 2020)",романтическая комедия,[d],,
Дубликат (фильм),фантастика ,Билл Оливер,США,2018
Другой мир: Эволюция,боевик,Лен Уайзман,,
Дублёры,спортивная,Ховард Дойч,,2000
"Дублёр (фильм, 2013)",комедия,Пётр Точилин,Россия,2013
"Дублёр (фильм, 2006)",комедия,Франсис Вебер,Франция,2006
Дублёр начинает действовать,производственная драма,Эрнест Ясан,СССР,1983
Дрянные девчонки 2,подростковая комедия,Мелани Майрон,США,
"Дублёр (фильм, 2000)",боевик,Сэм Фёрстенберг,США,2000
Дрянные промоутеры,комедия,Маркус Рэбой,США,2009
Дрянь (фильм),боевик,Анатолий Иванов,,
Дрянные девчонки,подростковая комедия,Марк Уотерс,США,
"Дрянная девчонка (фильм, 2010)",драма,,США,2010
"Дрянная девчонка (фильм, 2001)",романтическая комедия,Квак Чэ Ён,Республика Корея,2001
"Друзья с преимуществом (фильм, 2009)",комедия,Горман Бечард,США,2009
"Дрянная девчонка (фильм, 1990)","драма, биография",Михаэль Ферхёвен,,1990
Друиды (фильм),исторический,Жак Дорфман,Франция,2001
Друзья Яны,драма,Арик Каплун,Израиль,1999
Друзья-товарищи (фильм),приключения,Валентин Павловский,,1959
Друзья Эдди Койла,гангстерский фильм,Питер Йетс,США,1973
Дублинские дебоширы,драматический фильм,Оуэн Маккен,США,2020
"Евгений Онегин (фильм, 1958)",фильм-опера,Роман Тихомиров,СССР,1958
Евангелие от Иоанна (фильм),драма,Филипп Сэвилл,,2003
Ева хочет спать,комедия,Тадеуш Хмелевский,Польша,1957
Ева: Искусственный разум,"научная-фантастика, киберпанк, драма",,,2011
Евангелие от Матфея (фильм),драма,Пьер Паоло Пазолини,Италия,
"Евгений Онегин (фильм, 1911)",Драма,Василий Гончаров,Российская империя,1911
Ева Луна,мелодрама,Адриана Барраса,,
Ева и Адам — четыре дня рождения и одно фиаско,семейный,Катти Эдфельдт,Швеция,2001
